<?xml version="1.0" encoding="UTF-8" standalone="yes"?>
<addon id="metadata.common.last.fm"
       name="Last.FM"
       version="1.6.0"
       provider-name="Team XBMC">
  <requires>
    <import addon="xbmc.metadata" version="2.1.0"/>
  </requires>
  <extension point="xbmc.metadata.scraper.library"
             library="lastfm.xml"/>
  <extension point="xbmc.addon.metadata">
    <platform>all</platform>
    <minversion>20000</minversion>
    <summary lang="bg">Библиотека за сваляне на инф. от LastFM</summary>
    <summary lang="en">LastFM Scraper Library</summary>
    <summary lang="de">Musik-Scraper für LastFM</summary>
    <summary lang="es">Scraper de música de LastFM</summary>
    <summary lang="fi">LastFM musiikkitietojen lataaja</summary>
    <summary lang="fr">Scraper LastFM</summary>
    <summary lang="hu">LastFM leolvasó-könyvtár</summary>
    <summary lang="nl">LastFM-scraperfuncties</summary>
    <summary lang="pl">Scraper biblioteki LastFM</summary>
    <summary lang="pt">Scraper de música LastFM</summary>
    <summary lang="ru">Обработчик для LastFM</summary>
    <summary lang="se">Skrapebibliotek för LastFM</summary>
    <summary lang="zh">LastFM刮削器代码库</summary>
    <description lang="bg">Извлича инф. за музикални файлове от www.last.fm</description>
    <description lang="en">Download Music information from www.last.fm</description>
    <description lang="de">Downloade Musik informationen von www.last.fm</description>
    <description lang="es">Descargar información musical de www.last.fm</description>
    <description lang="fi">Lataa musiikkitietoja osoitteesta www.last.fm</description>
    <description lang="fr">Télécharge les infos musicales depuis www.last.fm</description>
    <description lang="hu">Zene információk letöltése a www.last.fm webhelyről</description>
    <description lang="nl">Muziekinfo ophalen van LastFM</description>
    <description lang="pl">Pobieraj informacje o muzyce z www.last.fm</description>
    <description lang="pt">Descarregar informação de música de www.last.fm</description>
    <description lang="ru">Загружать информацию о Музыке с www.last.fm</description>
    <description lang="se">Ladda ner musikinformation från www.last.fm</description>
    <description lang="zh">从www.last.fm下载音乐信息</description>
  </extension>
</addon>
